5,"Polecam serdecznie zakupy w Topestetic. Kupuję u nich zawsz, nigdy się nie zawiodłam."
5,"Najlepsza obsługa klienta, zawsze dostaje próbki i jakieś mini upominki,  bogaty asortyment i szybka wysyłka."
5,Polecam
5,Uwielbiam ten sklep.
5,Dla mnie ten sklep jest rewolucja w moim życiu. Przynajmniej mam super produkty do pielęgnacji nie ruszając się z domu. 
5,Nic do zarzucenia
5,"Bardzo pomocna obsługa, szybka dostawa produktów do klienta."
5,Polecam!
5,Sklep oceniam na pozytywny.Duży wybór fajnych kosmetyków.Obsługa bardzo miła i pomocna.
4.8,Wszystko w porządku. Polecam 
5,Polecam pełen profesjonalizm 
5,Polecam!!! 
5,Pełen profesjonalizm. Polecam
5,"Wysylka express i miła obsługa. Dodatkowo darmowe porady kosmetologow. Gratis prezenty. Bardzo polecam,zamowilam kolejny raz i sie nie zawiodlam."
5,Super sklep. Polecam 
5,"Bardzo solidną firma, szybka wysyłka, sporo próbek. Polecam!"
5,Wyczerpujący opis produktów. Wysokiej jakości produkty. Czytelna strona. Bardzo szybka wysyłka. Pełny profesjonalizm:) Polecam:)
5,"Świetne produkty, profesjonalne doradztwo kosmetologów, wartościowe próbki zgodne z sugestiami klienta, dopasowane do potrzeb, bardzo polecam! "
5,"Wszystko szybko, sprawnie super"
5,super
5,polecam sklep
5,Wszystko super
5,"Pełny profesjonalizm, bardzo dobry kontakt,informacja na każdym etapie zamówienia, błyskawiczna dostawa i miłe zaskoczeniem gratisami, zdecydowanie polecam! "
5,"To kolejne zakupy,serdecznie polecam."
5,"Szybka dostawa! 
100% eko! 
Dużo próbek!
Polecam serdecznie!"
5,Polecam :)
5,Najlepszy sklep kosmetyczny
5,Bardzo dobry sklep! Polecam!
5,Polecam
5,Super ekspresowa przesyłka i linki w mailu do zamówionych próbek
5,"Sklep jak najbardziej na TAK, pod każdym względem."
5,wszystko super przebiegło
5,Polecam
5,ŚWIETNY sklep !!!!!  Dla mnie najlepszy sklep z kosmetykami !!!!!!!!!!!!!!!!
5,Polecam
5,"Najlepszy sklep internetowy z markowymi kosmwtykami. Dostawa ekspresowa, dobry kontakt ze sklepem. Towar dobrze zapakowany"
5,Wspaniałe pridukty i świetna obsługa polecam.
5,super
5,Gorąco polecam fachowo i sumiennie 
5,Pełen profesjonalizm. Polecam!
5,"szybko, fajne próbki -bez zarzutu "
5,Bardzo fajnie 
5,Wszystko bardzo dobrze
5,Polecam
5,moja ulubiona ;)
5,Bardzo lubię robić zakupy w tym sklepie. Expresowa wysyłka.
5,Kosmetyki rewelacyjne
5,"Świetne produkty jak zawsze, szybka realizacja zamówienia."
5,"Polecam, wszystko zgodnie z oczekiwaniami "
5,Wszystko sprawnie i super
5,"Za każdym razem jestem pod dużym wrażeniem jakości obsługi, podejścia do klienta i oczywiście samych produktów. Polecam każdemu, dla mnie to najlepszy sklep online."
5,"FIRMA NA PIĄTKĘ Z DUŻYM PLUSEM. SAMA PRZYJEMNOŚĆ DOKONYWAĆ ZAKUPÓW W TYM SKLEPIE. 
ZAKUP W DNIU DZISIEJSZYM, KURIER DOSTARCZA MI PRZESYŁKĘ JUŻ W DNIU NASTĘPNYM. ZAWSZE DO PRZESYŁKI DOŁĄCZONE SĄ BEZPŁATNE PRÓBKI. KOSMETYKI BARDZO DOBREJ JAKOŚCI. "
5,Super 
5,"Super wspólpraca, zawsze sxybka dostawa, dołączone próbki.polecam!!!"
5,"Jeden z lepszych sklepów internetowych w jakich robiłam zakupy. Szybko realizowane zamówienia, fajne promocje, gratisy, próbki, dokładnie zapakowane... krótko mówiąc wszystko na plus! Polecam!!!"
5,"Super sklep, polecam.."
5,Cała procedura sprzedaży bez zastrzeżeń.
5,"Najlepszy sklep w internecie. Świetny kontakt, konsultacje"
5,"szybka wysyłka  , profesionalizm na wysokim poziomie"
5,Dostawa ekspresowa. Zawsze dorzucają jakieś próbki. 
5,Jestem zadowolona polecam
5,"Dużym plusem jest darmowa dostawa, wysyłka ekspresowa, fajne gratisy. Na pewno jeszcze tam kiedyś zamówię. Polecam sklep topestetic."
5,Rzetelna firma. zawsze mają kontynuację mojej ulubionej linii kosmetyków. Przesyłka natychmiastowa.
5,Serdecznie polecam! 
5,Bardz szybka realizacja zamówienia 
5,Z zakupów na Topestetic.pl korzystam od lat i jest świetny sklep z doskonałymi produktami :) Polecam
5,Polecam!
5,Jestem zadowolona
5,Doskonałe!